"the crucible: performed by stuart pankin, jerome dempsey & cast",http://ecx.images-amazon.com/images/I/51MKP0T4DBL.jpg,books

purple sequin tiny dancer tutu ballet dance fairy princess costume accessory,http://ecx.images-amazon.com/images/I/31mCncNuAZL.jpg,"clothing, shoes & jewelry"

adult ballet tutu cheetah pink,http://ecx.images-amazon.com/images/I/51EzU6quNML._SX342_.jpg,sports & outdoors

girls ballet tutu neon pink high quality 3 layer ballet tutu. 12 inches in length,http://ecx.images-amazon.com/images/I/41xBoP0FVzL._SY300_.jpg,sports & outdoors

adult ballet tutu yellow,http://ecx.images-amazon.com/images/I/21GNUNIa1CL.jpg,sports & outdoors

why don't they just quit? dvd roundtable discussion: what families and friends need to know about addiction and recovery,http://ecx.images-amazon.com/images/I/519%2B1kseM3L._SY300_.jpg,movies & tv

"measure for measure: complete & unabridged william shakespeare is widely regarded as the greatest playwright the world has seen. he produced an astonishing amount of work; 37 plays, 154 sonnets, and 5 poems. he died on 23rd april 1616, aged 52, and was buried in the holy trinity church, stratford.",http://ecx.images-amazon.com/images/I/5166EBHDQYL.jpg,books

girls ballet tutu zebra hot pink tutu,http://ecx.images-amazon.com/images/I/51fAmVkTbyL._SY300_.jpg,sports & outdoors

"the sherlock holmes audio collection ""one thing is certain, sherlockians, put aside your baring-gouldannotated, your folio societyillustrated-for the time being, the oxford is the edition to curl up with on a winter's night""--the chicago tribune""an incomparable gift book; or, should you find it impossible to surrender up such treasures, the best of gifts to oneself""--usa today""to the true sherlockian, this will be a treasure; to otherwise diverted detective story fans, it is a rich lode for discovery""--denver post""the complete and authentic adventures of the legendary detective--expertly edited and annotated by a team of holmes scholars....in a handsome, boxed set....a lovely gift""--the christian science monitor""here in nine volumes...are all the adventures of holmes and watson. each book has an introduction, something new and fascinating for even the most devoted holmesians plus a series of intelligent notes at the back of each volume.""--oxford times""theoxford sherlock holmes, a new edition of the stories, is a splendid piece of publishing. nine compact volumes, beautifully produced, each with a stimulating introduction; clear type, accurate texts, a handy chronology, a helpful bibliography. and, most valuable of all, explanatory notes running to 50 pages or more per volume."" --john gross, writing insunday telegraph--this text refers to thepaperbackedition.",http://ecx.images-amazon.com/images/I/51DH145C5JL.jpg,books

